Negative Keyword List,Keyword,Match Type
Negativas C Marceneiro - Conta,diy,Phrase
Negativas C Marceneiro - Conta,faça voce mesmo,Phrase
Negativas C Marceneiro - Conta,como fazer,Phrase
Negativas C Marceneiro - Conta,tutorial,Phrase
Negativas C Marceneiro - Conta,video aula,Phrase
Negativas C Marceneiro - Conta,curso de marcenaria,Phrase
Negativas C Marceneiro - Conta,escola de marcenaria,Phrase
Negativas C Marceneiro - Conta,aprender marcenaria,Phrase
Negativas C Marceneiro - Conta,emprego marceneiro,Phrase
Negativas C Marceneiro - Conta,vaga marceneiro,Phrase
Negativas C Marceneiro - Conta,curriculo,Phrase
Negativas C Marceneiro - Conta,trabalho marceneiro,Phrase
Negativas C Marceneiro - Conta,gratis,Phrase
Negativas C Marceneiro - Conta,gratuito,Phrase
Negativas C Marceneiro - Conta,de graca,Phrase
Negativas C Marceneiro - Conta,segunda mao,Phrase
Negativas C Marceneiro - Conta,usado,Phrase
Negativas C Marceneiro - Conta,seminovo,Phrase
Negativas C Marceneiro - Conta,decoracao,Phrase
Negativas C Marceneiro - Conta,inspiracao,Phrase
Negativas C Marceneiro - Conta,pinterest,Phrase
Negativas C Marceneiro - Conta,ideias de cozinha,Phrase
Negativas C Marceneiro - Conta,conserto,Phrase
Negativas C Marceneiro - Conta,reparo,Phrase
Negativas C Marceneiro - Conta,assistencia tecnica,Phrase
Negativas C Marceneiro - Conta,garantia,Phrase
Negativas C Marceneiro - Conta,recall,Phrase
Negativas C Marceneiro - Conta,reclamacao,Phrase
Negativas C Marceneiro - Conta,reclame aqui,Phrase
